{"ingested_flags": {"3c2fce85-34f2-4424-85cf-fe9ada9c5b6c": true, "9a746295-0b6b-4763-8228-acfb745a149a": true, "2e08150a-8b0e-40fe-9282-563319a5f72e": true}, "last_active": {"3c2fce85-34f2-4424-85cf-fe9ada9c5b6c": 1754529718.079069, "9a746295-0b6b-4763-8228-acfb745a149a": 1754530486.8937562, "2e08150a-8b0e-40fe-9282-563319a5f72e": 1754530919.1092474}}